{
 "volume": {
  "dims": [
   256,
   256,
   130
  ],
  "ijkToRAS": [
   0.0,
   0.0,
   1.299995,
   -86.644897,
   -1.0,
   0.0,
   0.0,
   133.928604,
   0.0,
   -1.0,
   0.0,
   116.785698,
   0.0,
   0.0,
   0.0,
   1.0
  ],
  "rasLo": [
   -87.294895,
   -121.571396,
   -138.714302
  ],
  "rasHi": [
   81.70451,
   134.428604,
   117.285698
  ],
  "window": 151.0,
  "level": 75.5
 },
 "slices": {
  "axial": {
   "orientation": "Axial",
   "sliceOffsetMm": -10.214302,
   "fieldOfView": [
    891.78022,
    256.0,
    1.0
   ],
   "dimensions": [
    634,
    182,
    1
   ]
  },
  "coronal": {
   "orientation": "Coronal",
   "sliceOffsetMm": 6.928604,
   "fieldOfView": [
    883.340659,
    256.0,
    1.0
   ],
   "dimensions": [
    628,
    182,
    1
   ]
  },
  "sagittal": {
   "orientation": "Sagittal",
   "sliceOffsetMm": 3.44519,
   "fieldOfView": [
    874.901099,
    256.0,
    1.299995
   ],
   "dimensions": [
    622,
    182,
    1
   ]
  }
 },
 "camera": {
  "position": [
   0.0,
   500.0,
   0.0
  ],
  "focalPoint": [
   0.0,
   0.0,
   0.0
  ],
  "viewUp": [
   0.0,
   0.0,
   1.0
  ],
  "viewAngle": 30.0
 }
}