{
 "viewSize": [
  616,
  182
 ],
 "drag": {
  "x0": 308,
  "y0": 91,
  "dx": 120,
  "dy": -40,
  "steps": 1
 },
 "before": {
  "position": [
   0.0,
   500.0,
   0.0
  ],
  "focalPoint": [
   0.0,
   0.0,
   0.0
  ],
  "viewUp": [
   0.0,
   0.0,
   1.0
  ],
  "distance": 500.0
 },
 "after": {
  "position": [
   226.324963,
   279.876974,
   347.053152
  ],
  "focalPoint": [
   0.0,
   0.0,
   0.0
  ],
  "viewUp": [
   -0.436448,
   -0.539719,
   0.719873
  ],
  "distance": 500.0
 }
}